{"cameraMode":{"drawMode":0,"name":"Shaded","section":"Shading Mode"},"sceneLighting":true,"audioPlay":false,"sceneViewState":{"m_AlwaysRefresh":true,"showFog":true,"showSkybox":true,"showFlares":true,"showImageEffects":true,"showParticleSystems":true,"showVisualEffectGraphs":true,"m_FxEnabled":true},"in2DMode":false,"pivot":{"x":2.527045726776123,"y":-4.093790054321289,"z":21.62212562561035},"rotation":{"x":-0.04679097235202789,"y":-0.008392580784857273,"z":0.0003926919016521424,"w":-0.9988707304000855},"size":18.324121475219728,"orthographic":false}